{"cameraMode":{"drawMode":0,"name":"Shaded","section":"Shading Mode"},"sceneLighting":true,"audioPlay":false,"sceneViewState":{"showFog":true,"showMaterialUpdate":false,"showSkybox":true,"showFlares":true,"showImageEffects":true,"showParticleSystems":true},"in2DMode":false,"pivot":{"x":258.99981689453127,"y":-392.0076904296875,"z":478.59521484375},"rotation":{"x":0.3211863338947296,"y":0.2169196903705597,"z":-0.07583940029144287,"w":0.9187130331993103},"size":1086.210205078125,"orthographic":false}