{"cameraMode":{"drawMode":0,"name":"Shaded","section":"Shading Mode"},"sceneLighting":true,"audioPlay":false,"sceneViewState":{"showFog":true,"showMaterialUpdate":false,"showSkybox":true,"showFlares":true,"showImageEffects":true,"showParticleSystems":true},"in2DMode":false,"pivot":{"x":9.661417961120606,"y":55.862892150878909,"z":80.35896301269531},"rotation":{"x":0.35737144947052,"y":0.3174247145652771,"z":-0.1306024193763733,"w":0.868602454662323},"size":189.25242614746095,"orthographic":false}