{"cameraMode":{"drawMode":0,"name":"Shaded","section":"Shading Mode"},"sceneLighting":true,"audioPlay":false,"sceneViewState":{"showFog":true,"showMaterialUpdate":false,"showSkybox":true,"showFlares":true,"showImageEffects":true,"showParticleSystems":true},"in2DMode":false,"pivot":{"x":-31.01959991455078,"y":4.884000301361084,"z":1.6739997863769532},"rotation":{"x":-0.12332318723201752,"y":0.850742518901825,"z":-0.22996807098388673,"w":-0.45622727274894717},"size":28.00726318359375,"orthographic":false}