{"cameraMode":{"drawMode":0,"name":"Shaded","section":"Shading Mode"},"sceneLighting":true,"audioPlay":false,"sceneViewState":{"showFog":true,"showMaterialUpdate":false,"showSkybox":true,"showFlares":true,"showImageEffects":true,"showParticleSystems":true},"in2DMode":false,"pivot":{"x":109.59066772460938,"y":-3.6726608276367189,"z":26.292652130126954},"rotation":{"x":-0.005239906255155802,"y":0.8262853026390076,"z":-0.5631750226020813,"w":-0.007691104896366596},"size":55.420135498046878,"orthographic":false}