{"cameraMode":{"drawMode":0,"name":"Shaded","section":"Shading Mode"},"sceneLighting":false,"audioPlay":false,"sceneViewState":{"showFog":true,"showMaterialUpdate":false,"showSkybox":true,"showFlares":true,"showImageEffects":true,"showParticleSystems":true},"in2DMode":false,"pivot":{"x":0.0,"y":2.9509670734405519,"z":1.4491655826568604},"rotation":{"x":-0.18366548418998719,"y":-0.6250943541526794,"z":0.15457625687122346,"w":-0.7427181601524353},"size":11.602676391601563,"orthographic":false}