{"cameraMode":{"drawMode":0,"name":"Shaded","section":"Shading Mode"},"sceneLighting":true,"audioPlay":false,"sceneViewState":{"showFog":true,"showMaterialUpdate":false,"showSkybox":true,"showFlares":true,"showImageEffects":true,"showParticleSystems":true},"in2DMode":false,"pivot":{"x":40.400001525878909,"y":1.739999771118164,"z":140.94000244140626},"rotation":{"x":-0.0005007338477298617,"y":-0.9973453283309937,"z":-0.07249307632446289,"w":0.0068510896526277069},"size":3.401561975479126,"orthographic":false}