{"cameraMode":{"drawMode":0,"name":"Shaded","section":"Shading Mode"},"sceneLighting":true,"audioPlay":false,"sceneViewState":{"showFog":true,"showMaterialUpdate":false,"showSkybox":true,"showFlares":true,"showImageEffects":true,"showParticleSystems":true},"in2DMode":false,"pivot":{"x":120.09410858154297,"y":-162.177490234375,"z":96.8192367553711},"rotation":{"x":0.29385465383529665,"y":0.7007367014884949,"z":-0.40478435158729555,"w":0.5086917281150818},"size":304.121337890625,"orthographic":false}