{"cameraMode":{"drawMode":0,"name":"Shaded","section":"Shading Mode"},"sceneLighting":true,"audioPlay":false,"sceneViewState":{"showFog":true,"showMaterialUpdate":false,"showSkybox":true,"showFlares":true,"showImageEffects":true,"showParticleSystems":true},"in2DMode":false,"pivot":{"x":93.93569946289063,"y":9.991378784179688,"z":22.442546844482423},"rotation":{"x":-0.27227824926376345,"y":0.6219667196273804,"z":-0.24464508891105653,"w":-0.6922216415405273},"size":3.6079187393188478,"orthographic":false}