{"cameraMode":{"drawMode":0,"name":"Shaded","section":"Shading Mode"},"sceneLighting":true,"audioPlay":false,"sceneViewState":{"showFog":true,"showMaterialUpdate":false,"showSkybox":true,"showFlares":true,"showImageEffects":true,"showParticleSystems":true},"in2DMode":false,"pivot":{"x":40.12822723388672,"y":8.820762634277344,"z":165.5709686279297},"rotation":{"x":-0.5730966329574585,"y":0.06231323257088661,"z":-0.043770741671323779,"w":-0.815942108631134},"size":36.89612579345703,"orthographic":false}