{"cameraMode":{"drawMode":0,"name":"Shaded","section":"Shading Mode"},"sceneLighting":true,"audioPlay":false,"sceneViewState":{"showFog":true,"showMaterialUpdate":false,"showSkybox":true,"showFlares":true,"showImageEffects":true,"showParticleSystems":true},"in2DMode":false,"pivot":{"x":110.27558135986328,"y":11.322183609008789,"z":32.66923904418945},"rotation":{"x":-0.16969822347164155,"y":0.6912699937820435,"z":-0.17227908968925477,"w":-0.6809319257736206},"size":9.534894943237305,"orthographic":false}