{"cameraMode":{"drawMode":0,"name":"Shaded","section":"Shading Mode"},"sceneLighting":true,"audioPlay":false,"sceneViewState":{"showFog":true,"showMaterialUpdate":false,"showSkybox":true,"showFlares":true,"showImageEffects":true,"showParticleSystems":true},"in2DMode":false,"pivot":{"x":40.400001525878909,"y":6.5,"z":145.65000915527345},"rotation":{"x":-0.2741205394268036,"y":-0.657042920589447,"z":0.27959102392196658,"w":-0.6441904902458191},"size":46.838523864746097,"orthographic":false}