{"cameraMode":{"drawMode":0,"name":"Shaded","section":"Shading Mode"},"sceneLighting":false,"audioPlay":false,"sceneViewState":{"showFog":true,"showMaterialUpdate":false,"showSkybox":true,"showFlares":true,"showImageEffects":true,"showParticleSystems":true},"in2DMode":false,"pivot":{"x":40.400001525878909,"y":3.6600000858306886,"z":140.94000244140626},"rotation":{"x":-0.2544466555118561,"y":-0.03448336198925972,"z":0.009077619761228562,"w":-0.9664291739463806},"size":3.500178575515747,"orthographic":false}