{"cameraMode":{"drawMode":0,"name":"Shaded","section":"Shading Mode"},"sceneLighting":true,"audioPlay":false,"sceneViewState":{"showFog":true,"showMaterialUpdate":false,"showSkybox":true,"showFlares":true,"showImageEffects":true,"showParticleSystems":true},"in2DMode":false,"pivot":{"x":80.78494262695313,"y":57.20278549194336,"z":-84.84635162353516},"rotation":{"x":-0.14380496740341187,"y":-0.008315441198647023,"z":0.0012087372597306967,"w":-0.9895703792572022},"size":10.920249938964844,"orthographic":false}